INSERT INTO `provas` (`id`,`criadoem`,`criadopor`,`atualizadoem`,`atualizadopor`,`nome`,`descricao`,`tipo`,`refInicialMasc`,`refFinalMasc`,`refInicialFem`,`refFinalFem`,`intervaloRef`,`valorTentativa1`,`valorTentativa2`,`valorTentativa3`,`idadeInicial`,`idadeFinal`,`intervaloIdade`) VALUES (1,'2017-05-11 16:32:49','fireberg2500@hotmail.com','2017-05-16 16:21:30','fireberg2500@hotmail.com','FLEXÃO BARRA','FDFGDFGDF','INTEIRO','1','12','0','0','1','0','0','0',20,54,5);
INSERT INTO `provas` (`id`,`criadoem`,`criadopor`,`atualizadoem`,`atualizadopor`,`nome`,`descricao`,`tipo`,`refInicialMasc`,`refFinalMasc`,`refInicialFem`,`refFinalFem`,`intervaloRef`,`valorTentativa1`,`valorTentativa2`,`valorTentativa3`,`idadeInicial`,`idadeFinal`,`intervaloIdade`) VALUES (2,'2017-05-11 16:32:49','fireberg2500@hotmail.com','2017-05-16 16:21:30','fireberg2500@hotmail.com','FLEXÃO SOLO','FDFGDFGDF','INTEIRO','14','45','0','0','2','0','0','0',20,54,5);
INSERT INTO `provas` (`id`,`criadoem`,`criadopor`,`atualizadoem`,`atualizadopor`,`nome`,`descricao`,`tipo`,`refInicialMasc`,`refFinalMasc`,`refInicialFem`,`refFinalFem`,`intervaloRef`,`valorTentativa1`,`valorTentativa2`,`valorTentativa3`,`idadeInicial`,`idadeFinal`,`intervaloIdade`) VALUES (3,'2017-05-11 16:32:49','fireberg2500@hotmail.com','2017-07-22 15:32:29','fireberg2500@hotmail.com','ABDOMINAL','FDFGDFGDF','INTEIRO','18','49','14','45','2','0','0','0',20,54,5);
INSERT INTO `provas` (`id`,`criadoem`,`criadopor`,`atualizadoem`,`atualizadopor`,`nome`,`descricao`,`tipo`,`refInicialMasc`,`refFinalMasc`,`refInicialFem`,`refFinalFem`,`intervaloRef`,`valorTentativa1`,`valorTentativa2`,`valorTentativa3`,`idadeInicial`,`idadeFinal`,`intervaloIdade`) VALUES (4,'2017-05-11 16:32:49','fireberg2500@hotmail.com','2017-07-22 15:45:53','fireberg2500@hotmail.com','CORRIDA 12MIN','FDFGDFGDF','INTEIRO','1400','2999','1200','2799','100','0','0','0',20,54,5);
INSERT INTO `provas` (`id`,`criadoem`,`criadopor`,`atualizadoem`,`atualizadopor`,`nome`,`descricao`,`tipo`,`refInicialMasc`,`refFinalMasc`,`refInicialFem`,`refFinalFem`,`intervaloRef`,`valorTentativa1`,`valorTentativa2`,`valorTentativa3`,`idadeInicial`,`idadeFinal`,`intervaloIdade`) VALUES (5,'2017-05-11 16:32:49','fireberg2500@hotmail.com','2017-07-22 15:56:37','fireberg2500@hotmail.com','CORRIDA 50M','FDFGDFGDF','TEMPO','10\'\'50','06\'\'75','11\'\'75','08\'\'00','00\'\'25','0','0','0',20,54,5);
INSERT INTO `provas` (`id`,`criadoem`,`criadopor`,`atualizadoem`,`atualizadopor`,`nome`,`descricao`,`tipo`,`refInicialMasc`,`refFinalMasc`,`refInicialFem`,`refFinalFem`,`intervaloRef`,`valorTentativa1`,`valorTentativa2`,`valorTentativa3`,`idadeInicial`,`idadeFinal`,`intervaloIdade`) VALUES (6,NULL,NULL,NULL,NULL,'FLUTUAÇÃO','FDFGDFGDF','APTOINAPTO','0','0','0','0','0','0','0','0',NULL,NULL,NULL);
INSERT INTO `provas` (`id`,`criadoem`,`criadopor`,`atualizadoem`,`atualizadopor`,`nome`,`descricao`,`tipo`,`refInicialMasc`,`refFinalMasc`,`refInicialFem`,`refFinalFem`,`intervaloRef`,`valorTentativa1`,`valorTentativa2`,`valorTentativa3`,`idadeInicial`,`idadeFinal`,`intervaloIdade`) VALUES (7,NULL,NULL,NULL,NULL,'LANÇAR GRANADA','FDFGDFGDF','APTOINAPTO','0','0','0','0','0','0','0','0',NULL,NULL,NULL);
INSERT INTO `provas` (`id`,`criadoem`,`criadopor`,`atualizadoem`,`atualizadopor`,`nome`,`descricao`,`tipo`,`refInicialMasc`,`refFinalMasc`,`refInicialFem`,`refFinalFem`,`intervaloRef`,`valorTentativa1`,`valorTentativa2`,`valorTentativa3`,`idadeInicial`,`idadeFinal`,`intervaloIdade`) VALUES (8,'2017-05-30 08:17:42','fireberg2500@hotmail.com','2017-06-09 09:22:06','fireberg2500@hotmail.com','FLEXÃO BARRA','FLEXÃO BARRA COESP','INTEIRO','6','14','0','0','1','0','0','0',NULL,NULL,NULL);
INSERT INTO `provas` (`id`,`criadoem`,`criadopor`,`atualizadoem`,`atualizadopor`,`nome`,`descricao`,`tipo`,`refInicialMasc`,`refFinalMasc`,`refInicialFem`,`refFinalFem`,`intervaloRef`,`valorTentativa1`,`valorTentativa2`,`valorTentativa3`,`idadeInicial`,`idadeFinal`,`intervaloIdade`) VALUES (9,'2017-05-30 14:20:06','fireberg2500@hotmail.com','2017-06-09 09:23:00','fireberg2500@hotmail.com','ABDOMINAL ','ABDOMINAL COESP','INTEIRO','46','55','0','0','1','0','0','0',NULL,NULL,NULL);
INSERT INTO `provas` (`id`,`criadoem`,`criadopor`,`atualizadoem`,`atualizadopor`,`nome`,`descricao`,`tipo`,`refInicialMasc`,`refFinalMasc`,`refInicialFem`,`refFinalFem`,`intervaloRef`,`valorTentativa1`,`valorTentativa2`,`valorTentativa3`,`idadeInicial`,`idadeFinal`,`intervaloIdade`) VALUES (10,'2017-05-30 14:41:49','fireberg2500@hotmail.com','2017-06-09 09:24:25','fireberg2500@hotmail.com','CORRIDA 50M','CORRIDA 50M COESP','TEMPO','09\'\'00','06\'\'75','0','0','00\'\'25','','','',NULL,NULL,NULL);
INSERT INTO `provas` (`id`,`criadoem`,`criadopor`,`atualizadoem`,`atualizadopor`,`nome`,`descricao`,`tipo`,`refInicialMasc`,`refFinalMasc`,`refInicialFem`,`refFinalFem`,`intervaloRef`,`valorTentativa1`,`valorTentativa2`,`valorTentativa3`,`idadeInicial`,`idadeFinal`,`intervaloIdade`) VALUES (11,'2017-05-30 14:54:43','fireberg2500@hotmail.com','2017-06-09 09:25:36','fireberg2500@hotmail.com','CORRIDA 12MIN','CORRIDA 12MIN COESP','INTEIRO','2300','3200','0','0','100','0','0','0',NULL,NULL,NULL);
INSERT INTO `provas` (`id`,`criadoem`,`criadopor`,`atualizadoem`,`atualizadopor`,`nome`,`descricao`,`tipo`,`refInicialMasc`,`refFinalMasc`,`refInicialFem`,`refFinalFem`,`intervaloRef`,`valorTentativa1`,`valorTentativa2`,`valorTentativa3`,`idadeInicial`,`idadeFinal`,`intervaloIdade`) VALUES (12,'2017-06-01 14:46:36','fireberg2500@hotmail.com','2017-06-01 23:11:31','fireberg2500@hotmail.com','CORRIDA 10KM','Corrida de 10 Kilómetros COESP','TEMPO_MIN','60\'00','50\'00','0','0','01\'00','0','0','0',NULL,NULL,NULL);
INSERT INTO `provas` (`id`,`criadoem`,`criadopor`,`atualizadoem`,`atualizadopor`,`nome`,`descricao`,`tipo`,`refInicialMasc`,`refFinalMasc`,`refInicialFem`,`refFinalFem`,`intervaloRef`,`valorTentativa1`,`valorTentativa2`,`valorTentativa3`,`idadeInicial`,`idadeFinal`,`intervaloIdade`) VALUES (13,'2017-06-01 23:21:43','fireberg2500@hotmail.com','2017-06-01 23:21:43','fireberg2500@hotmail.com','SALTO PLATAFORMA','Salto Plataforma','APTOINAPTO','','','','','','0','0','0',NULL,NULL,NULL);
INSERT INTO `provas` (`id`,`criadoem`,`criadopor`,`atualizadoem`,`atualizadopor`,`nome`,`descricao`,`tipo`,`refInicialMasc`,`refFinalMasc`,`refInicialFem`,`refFinalFem`,`intervaloRef`,`valorTentativa1`,`valorTentativa2`,`valorTentativa3`,`idadeInicial`,`idadeFinal`,`intervaloIdade`) VALUES (14,'2017-06-01 23:40:17','fireberg2500@hotmail.com','2017-06-01 23:40:17','fireberg2500@hotmail.com','APNÉIA ESTÁTICA','APNÉIA ESTÁTICA EM MEIO LÍQUIDO ','APTOINAPTO','','','','','','0','0','0',NULL,NULL,NULL);
INSERT INTO `provas` (`id`,`criadoem`,`criadopor`,`atualizadoem`,`atualizadopor`,`nome`,`descricao`,`tipo`,`refInicialMasc`,`refFinalMasc`,`refInicialFem`,`refFinalFem`,`intervaloRef`,`valorTentativa1`,`valorTentativa2`,`valorTentativa3`,`idadeInicial`,`idadeFinal`,`intervaloIdade`) VALUES (15,'2017-06-02 12:56:29','fireberg2500@hotmail.com','2017-06-02 12:56:29','fireberg2500@hotmail.com','SUBIDA DA CORDA','SUBIDA DA CORDA VERTICAL','TENTATIVA','','','','','','100','80','60',NULL,NULL,NULL);
INSERT INTO `provas` (`id`,`criadoem`,`criadopor`,`atualizadoem`,`atualizadopor`,`nome`,`descricao`,`tipo`,`refInicialMasc`,`refFinalMasc`,`refInicialFem`,`refFinalFem`,`intervaloRef`,`valorTentativa1`,`valorTentativa2`,`valorTentativa3`,`idadeInicial`,`idadeFinal`,`intervaloIdade`) VALUES (16,'2017-06-07 09:00:30','fireberg2500@hotmail.com','2017-06-07 09:00:30','fireberg2500@hotmail.com','TRANSPORTE DE CARGA','Transporte de Carga - COESP','TEMPO','45\'\'00','36\'\'00','','','01\'\'00','','','',NULL,NULL,NULL);
INSERT INTO `provas` (`id`,`criadoem`,`criadopor`,`atualizadoem`,`atualizadopor`,`nome`,`descricao`,`tipo`,`refInicialMasc`,`refFinalMasc`,`refInicialFem`,`refFinalFem`,`intervaloRef`,`valorTentativa1`,`valorTentativa2`,`valorTentativa3`,`idadeInicial`,`idadeFinal`,`intervaloIdade`) VALUES (17,'2017-06-07 09:43:07','fireberg2500@hotmail.com','2017-06-07 09:43:07','fireberg2500@hotmail.com','NATAÇÃO 200M','Natação 200m - COESP','TEMPO_MIN','05\'00','03\'00','','','00\'50','','','',NULL,NULL,NULL);
INSERT INTO `provas` (`id`,`criadoem`,`criadopor`,`atualizadoem`,`atualizadopor`,`nome`,`descricao`,`tipo`,`refInicialMasc`,`refFinalMasc`,`refInicialFem`,`refFinalFem`,`intervaloRef`,`valorTentativa1`,`valorTentativa2`,`valorTentativa3`,`idadeInicial`,`idadeFinal`,`intervaloIdade`) VALUES (18,'2017-06-07 09:49:35','fireberg2500@hotmail.com','2017-06-07 09:49:35','fireberg2500@hotmail.com','DESL. EM MEIO LÍQUIDO','DESLOCAMENTO EM MEIO LÍQUIDO (EQUIPADO)','APTOINAPTO','','','','','','','','',NULL,NULL,NULL);
INSERT INTO `provas` (`id`,`criadoem`,`criadopor`,`atualizadoem`,`atualizadopor`,`nome`,`descricao`,`tipo`,`refInicialMasc`,`refFinalMasc`,`refInicialFem`,`refFinalFem`,`intervaloRef`,`valorTentativa1`,`valorTentativa2`,`valorTentativa3`,`idadeInicial`,`idadeFinal`,`intervaloIdade`) VALUES (19,'2017-07-19 21:35:12','fireberg2500@hotmail.com','2017-07-19 21:35:12','fireberg2500@hotmail.com','MERGULHO LIVRE','MERGULHO LIVRE  - COESP','APTOINAPTO','','','','','','','','',NULL,NULL,NULL);
INSERT INTO `provas` (`id`,`criadoem`,`criadopor`,`atualizadoem`,`atualizadopor`,`nome`,`descricao`,`tipo`,`refInicialMasc`,`refFinalMasc`,`refInicialFem`,`refFinalFem`,`intervaloRef`,`valorTentativa1`,`valorTentativa2`,`valorTentativa3`,`idadeInicial`,`idadeFinal`,`intervaloIdade`) VALUES (20,'2017-07-20 09:19:15','fireberg2500@hotmail.com','2017-07-20 09:19:15','fireberg2500@hotmail.com','TRANS. DE CARGA 100M','TRANSPORTE DE CARGA - CINOTECNIA','APTOINAPTO','','','','','','','','',NULL,NULL,NULL);





INSERT INTO `tipos_teste` (`id`,`criadoem`,`criadopor`,`atualizadoem`,`atualizadopor`,`nome`,`descricao`,`qtdProvasMedia`) VALUES (1,'2017-06-01 12:40:46','fireberg2500@hotmail.com','2017-06-09 10:16:01','fireberg2500@hotmail.com','TAFGE','TESTE DE APTIDÃO FÍSICA ESPECIAL COESP/PMCE',4);
INSERT INTO `tipos_teste` (`id`,`criadoem`,`criadopor`,`atualizadoem`,`atualizadopor`,`nome`,`descricao`,`qtdProvasMedia`) VALUES (2,'2017-06-01 15:26:12','fireberg2500@hotmail.com','2017-06-09 10:17:29','fireberg2500@hotmail.com','THE 1° DIA','TESTE DE HABILIDADES ESPECIFICAS - COESP',3);
INSERT INTO `tipos_teste` (`id`,`criadoem`,`criadopor`,`atualizadoem`,`atualizadopor`,`nome`,`descricao`,`qtdProvasMedia`) VALUES (3,'2017-06-02 07:55:43','fireberg2500@hotmail.com','2017-06-09 10:17:45','fireberg2500@hotmail.com','THE 2° DIA','TESTE DE HABILIDADES ESPECIFICAS - COESP 2°DIA',5);
INSERT INTO `tipos_teste` (`id`,`criadoem`,`criadopor`,`atualizadoem`,`atualizadopor`,`nome`,`descricao`,`qtdProvasMedia`) VALUES (4,'2017-07-19 20:28:13','fireberg2500@hotmail.com','2017-07-20 21:24:53','fireberg2500@hotmail.com','TESTE','TESTE',1);
INSERT INTO `tipos_teste` (`id`,`criadoem`,`criadopor`,`atualizadoem`,`atualizadopor`,`nome`,`descricao`,`qtdProvasMedia`) VALUES (5,'2017-07-19 21:10:05','fireberg2500@hotmail.com','2017-07-19 21:10:05','fireberg2500@hotmail.com','THE 3° DIA','TESTE DE HABILIDADES ESPECIFICAS - COESP 3° DIA',3);
INSERT INTO `tipos_teste` (`id`,`criadoem`,`criadopor`,`atualizadoem`,`atualizadopor`,`nome`,`descricao`,`qtdProvasMedia`) VALUES (6,'2017-07-20 09:11:13','fireberg2500@hotmail.com','2017-07-20 17:08:58','fireberg2500@hotmail.com','TAFG','TESTE DE APTIDÃO FÍSICA GERAL',4);
INSERT INTO `tipos_teste` (`id`,`criadoem`,`criadopor`,`atualizadoem`,`atualizadopor`,`nome`,`descricao`,`qtdProvasMedia`) VALUES (7,'2017-07-20 09:19:54','fireberg2500@hotmail.com','2017-07-20 09:19:54','fireberg2500@hotmail.com','THE','TESTE DE HABILIDADES ESPECIFICAS - CINOTECNIA',3);


INSERT INTO `tiposteste_provas` (`tipoTesteId`,`provaId`) VALUES (1,8);
INSERT INTO `tiposteste_provas` (`tipoTesteId`,`provaId`) VALUES (1,9);
INSERT INTO `tiposteste_provas` (`tipoTesteId`,`provaId`) VALUES (1,10);
INSERT INTO `tiposteste_provas` (`tipoTesteId`,`provaId`) VALUES (1,11);
INSERT INTO `tiposteste_provas` (`tipoTesteId`,`provaId`) VALUES (2,12);
INSERT INTO `tiposteste_provas` (`tipoTesteId`,`provaId`) VALUES (2,15);
INSERT INTO `tiposteste_provas` (`tipoTesteId`,`provaId`) VALUES (2,16);
INSERT INTO `tiposteste_provas` (`tipoTesteId`,`provaId`) VALUES (3,13);
INSERT INTO `tiposteste_provas` (`tipoTesteId`,`provaId`) VALUES (3,17);
INSERT INTO `tiposteste_provas` (`tipoTesteId`,`provaId`) VALUES (5,18);
INSERT INTO `tiposteste_provas` (`tipoTesteId`,`provaId`) VALUES (5,14);
INSERT INTO `tiposteste_provas` (`tipoTesteId`,`provaId`) VALUES (5,6);
INSERT INTO `tiposteste_provas` (`tipoTesteId`,`provaId`) VALUES (3,19);
INSERT INTO `tiposteste_provas` (`tipoTesteId`,`provaId`) VALUES (6,1);
INSERT INTO `tiposteste_provas` (`tipoTesteId`,`provaId`) VALUES (6,2);
INSERT INTO `tiposteste_provas` (`tipoTesteId`,`provaId`) VALUES (6,3);
INSERT INTO `tiposteste_provas` (`tipoTesteId`,`provaId`) VALUES (6,4);
INSERT INTO `tiposteste_provas` (`tipoTesteId`,`provaId`) VALUES (6,5);
INSERT INTO `tiposteste_provas` (`tipoTesteId`,`provaId`) VALUES (7,20);
INSERT INTO `tiposteste_provas` (`tipoTesteId`,`provaId`) VALUES (7,6);
INSERT INTO `tiposteste_provas` (`tipoTesteId`,`provaId`) VALUES (7,18);
INSERT INTO `tiposteste_provas` (`tipoTesteId`,`provaId`) VALUES (4,5);


INSERT INTO `testes_fisicos` (`id`,`criadoem`,`criadopor`,`atualizadoem`,`atualizadopor`,`data`,`objetivo`,`notaAprovacao`) VALUES (1,'2017-06-02 14:18:21','fireberg2500@hotmail.com','2017-06-08 22:20:09','fireberg2500@hotmail.com','2017-06-02','COESP',80.00);
INSERT INTO `testes_fisicos` (`id`,`criadoem`,`criadopor`,`atualizadoem`,`atualizadopor`,`data`,`objetivo`,`notaAprovacao`) VALUES (2,'2017-07-20 09:13:56','fireberg2500@hotmail.com','2017-07-20 09:13:56','fireberg2500@hotmail.com','2017-07-20','CINOTECNIA',80.00);
INSERT INTO `testes_fisicos` (`id`,`criadoem`,`criadopor`,`atualizadoem`,`atualizadopor`,`data`,`objetivo`,`notaAprovacao`) VALUES (3,'2017-07-20 21:25:23','fireberg2500@hotmail.com','2017-07-20 21:25:23','fireberg2500@hotmail.com','2017-07-20','TESTE',80.00);



INSERT INTO `testes_tipos` (`testeFisicoId`,`tipoTesteId`) VALUES (1,1);
INSERT INTO `testes_tipos` (`testeFisicoId`,`tipoTesteId`) VALUES (1,2);
INSERT INTO `testes_tipos` (`testeFisicoId`,`tipoTesteId`) VALUES (1,3);
INSERT INTO `testes_tipos` (`testeFisicoId`,`tipoTesteId`) VALUES (1,5);
INSERT INTO `testes_tipos` (`testeFisicoId`,`tipoTesteId`) VALUES (2,6);
INSERT INTO `testes_tipos` (`testeFisicoId`,`tipoTesteId`) VALUES (2,7);
INSERT INTO `testes_tipos` (`testeFisicoId`,`tipoTesteId`) VALUES (3,4);
